nombre,repeticiones
Resolución Exenta SII N° 53 del 29 de Abril del 2025,7
Resolución Exenta SII N° 63 del 22 de Mayo del 2025,5
Resolución Exenta SII N° 26 del 24 de Febrero del 2025,5
Resolución Exenta SII N° 20 del 20 de Febrero del 2025,5
Resolución Exenta SII N° 18 del 13 de Febrero del 2025,5
Resolución Exenta SII N° 69 del 19 de Junio del 2025,5
Circular N° 26 del 03 de Abril del 2025,5
Resolución Exenta SII N° 42 del 03 de Abril del 2025,4
Resolución Exenta SII N° 11 del 17 de Enero del 2025,4
Circular N° 7 del 16 de Enero del 2025,3
Resolución Exenta SII N° 71 del 19 de Junio del 2025,3
Resolución Exenta SII N° 05 del 09 de Enero del 2025,3
Resolución Exenta SII N° 56 del 30 de Abril del 2025,2
Resolución Exenta SII N° 48 del 17 de Abril del 2025,2
Resolución Exenta SII N° 47 del 10 de Abril del 2025,2
Resolución Exenta SII N° 22 del 21 de Febrero del 2025,2
Resolución Exenta SII N° 46 del 10 de Abril del 2025,2
Circular N° 6 del 16 de Enero del 2025,2
Resolución Exenta SII N° 83 del 03 de Julio del 2025,2
Circular N° 31 del 17 de Abril del 2025,2
Circular N° 22 del 11 de Marzo del 2025,2
Circular N° 13 del 07 de Febrero del 2025,2
Circular N° 17 del 12 de Febrero del 2025,2
Resolución Exenta SII N° 75 del 26 de Junio del 2025,2
Resolución Exenta SII N° 72 del 19 de Junio del 2025,2
Circular N° 37 del 30 de Abril del 2025,2
Circular N° 35 del 30 de Abril del 2025,2
Resolución Exenta SII N° 66 del 11 de Junio del 2025,2
Resolución Exenta SII N° 82 del 03 de Julio del 2025,1
Resolución Exenta SII N° 65 del 29 de Mayo del 2025,1
Resolución Exenta SII N° 70 del 19 de Junio del 2025,1
Resolución Exenta SII N° 55 del 30 de Abril del 2025,1
Resolución Exenta SII N° 67 del 12 de Junio del 2025,1
Resolución Exenta SII N° 58 del 06 de Mayo del 2025,1
Resolución Exenta SII N° 59 del 06 de Mayo del 2025,1
Resolución Exenta SII N° 60 del 07 de Mayo del 2025,1
Resolución Exenta SII N° 43 del 04 de Abril del 2025,1
Circular N° 1 del 02 de Enero del 2025,1
Resolución Exenta SII N° 41 del 03 de Abril del 2025,1
Circular N° 44 del 12 de Junio del 2025,1
Circular N° 14 del 10 de Febrero del 2025,1
Circular N° 18 del 21 de Febrero del 2025,1
Circular N° 21 del 10 de Marzo del 2025,1
Circular N° 23 del 27 de Marzo del 2025,1
Circular N° 25 del 03 de Abril del 2025,1
Circular N° 4 del 09 de Enero del 2025,1
Circular N° 42 del 15 de Mayo del 2025,1
Circular N° 43 del 05 de Junio del 2025,1
Circular N° 46 del 12 de Junio del 2025,1
Resolución Exenta SII N° 27 del 04 de Marzo del 2025,1
Circular N° 8 del 28 de Enero del 2025,1
Circular N° 9 del 30 de Enero del 2025,1
Resolución Exenta SII N° 01 del 02 de Enero del 2025,1
Resolución Exenta SII N° 02 del 03 de Enero del 2025,1
Resolución Exenta SII N° 03 del 07 de Enero del 2025,1
Resolución Exenta SII N° 04 del 09 de Enero del 2025,1
Circular N° 11 del 30 de Enero del 2025,1
Resolución Exenta SII N° 14 del 30 de Enero del 2025,1
Resolución Exenta SII N° 13 del 24 de Enero del 2025,1
